Name,Number of Solutions,Score,Time (Seconds)
p06,6,565,0.620304783
p07,3,3771,0.692603532
p08,4,4049,1.262656904
