Name,Number of Solutions,Score,Time (Seconds)
p06,3,565,0.6570948200000001
p07,6,3771,3.6476886530000003
p08,10,4049,11.708672736
p09,9,3388,12.706144654000001
p10,3,3983,0.499242599
